found,source,title,issuer,countries,deadline_raw,value,link
2026-07-20,africanngos.org,Women and Girls,COMO Foundation,africa,Applications reviewed on a rolling basis,Not specified,https://ngofundraising.africa
2026-07-20,terraviva,PARSER ALERT: terraviva changed but 0 items parsed — review manually,screener,,,,https://www.terravivagrants.org/category/cross-cutting/
2026-07-20,coefficientgiving.org,ALERT: 'Effective Giving' section is live on Coefficient's funding page,Coefficient Giving,,,,https://coefficientgiving.org/apply-for-funding/
2026-07-20,UNDP notices,Quantum eTendering guidance,UNDP,,,,https://www.undp.org/procurement/quantum-etendering-guidance
2026-07-20,UNDP notices,Title IC chargé(e) d’appuyer une analyse approfondie du niveau de maturité Ref No UNDP-TUN-01075 UNDP Office/Country UNDP-TUN/TUNISIA Process IC - Individual contractor Deadline 31-Jul-26 06:59 PM (New York time) Posted ,UNDP,tunisia,,,https://procurement-notices.undp.org/view_negotiation.cfm?nego_id=47793
2026-07-20,UNDP notices,Title National Consultant - Programme implementation support (PSEAH) Ref No UNDP-AGO-00248 UNDP Office/Country UNDP-AGO/ANGOLA Process IC - Individual contractor Deadline 26-Jul-26 07:00 AM (New York time) Posted 20-Jul-,UNDP,angola,,,https://procurement-notices.undp.org/view_negotiation.cfm?nego_id=47770
2026-07-20,UNDP notices,Title Borehole drilling   - Galmudug and Jubbaland States in Somalia. Ref No UNDP-SOM-00680 UNDP Office/Country UNDP-SOM/SOMALIA Process RFQ - Request for quotation Deadline 31-Jul-26 05:00 AM (New York time) Posted 20-J,UNDP,"mali, somalia",,,https://procurement-notices.undp.org/view_negotiation.cfm?nego_id=47769
2026-07-20,UNDP notices,Title RFP for Manager for UNDP-Generali Insurance Innovation Challenge (India) Ref No UNDP-IND-00806 UNDP Office/Country UNDP-IND/INDIA Process RFP - Request for proposal Deadline 03-Aug-26 08:00 AM (New York time) Poste,UNDP,,,,https://procurement-notices.undp.org/view_negotiation.cfm?nego_id=47762
2026-07-20,UNDP notices,Title Provision of Banking Services for the UN System in Libya Ref No UNDP-LBY-00689 UNDP Office/Country UNDP-LBY/LIBYA Process RFP - Request for proposal Deadline 11-Aug-26 06:00 AM (New York time) Posted 20-Jul-26,UNDP,libya,,,https://procurement-notices.undp.org/view_negotiation.cfm?nego_id=47786
2026-07-20,UNDP notices,Title Event Management Company Launch of the African Academy for Women Ref No UNDP-RWA-00392 UNDP Office/Country UNDP-RWA/RWANDA Process RFP - Request for proposal Deadline 23-Jul-26 07:00 AM (New York time) Posted 20-Ju,UNDP,"rwanda, africa, african",,,https://procurement-notices.undp.org/view_negotiation.cfm?nego_id=47765
2026-07-20,UNDP notices,Title Monitoring and Evaluation consultant Ref No UNDP-SUR-00181 UNDP Office/Country UNDP-SUR/SURINAME Process IC - Individual contractor Deadline 03-Aug-26 07:00 PM (New York time) Posted 20-Jul-26,UNDP,,,,https://procurement-notices.undp.org/view_negotiation.cfm?nego_id=47775
2026-07-20,UNDP notices,Title RFQ36/2026:Procurement of  specialized forensic DNA laboratory equipment for the Ref No UNDP-TUN-01078 UNDP Office/Country UNDP-TUN/TUNISIA Process RFQ - Request for quotation Deadline 03-Aug-26 06:00 PM (New York ,UNDP,tunisia,,,https://procurement-notices.undp.org/view_negotiation.cfm?nego_id=47779
2026-07-20,UNDP notices,Title Assorted Catridges Ref No UNDP-LBR-00926 UNDP Office/Country UNDP-LBR/LIBERIA Process RFQ - Request for quotation Deadline 22-Jul-26 06:00 AM (New York time) Posted 20-Jul-26,UNDP,liberia,,,https://procurement-notices.undp.org/view_negotiation.cfm?nego_id=47781
2026-07-20,UNDP notices,Title FOURNITURE DU MOBILIER POUR LE CENTRE DE COCREATION NUMERIQUE MULTIMEDIA Ref No UNDP-BDI-00725 UNDP Office/Country UNDP-BDI/BURUNDI Process RFQ - Request for quotation Deadline 02-Aug-26 05:00 PM (New York time) Po,UNDP,burundi,,,https://procurement-notices.undp.org/view_negotiation.cfm?nego_id=47787
2026-07-20,UNDP notices,Title CONSULTANCY SERVICE: Provision of resilience building income generating interven Ref No UNDP-SSD-00740 UNDP Office/Country UNDP-SSD/SOUTH SUDAN Process RFP - Request for proposal Deadline 06-Aug-26 07:14 AM (New Yo,UNDP,"south sudan, sudan",,,https://procurement-notices.undp.org/view_negotiation.cfm?nego_id=47791
2026-07-20,UNDP notices,Title IC - Mission d’évaluation finale du projet  APT2C Ref No UNDP-MAR-00562 UNDP Office/Country UNDP-MAR/MOROCCO Process IC - Individual contractor Deadline 30-Jul-26 01:00 PM (New York time) Posted 17-Jul-26,UNDP,morocco,,,https://procurement-notices.undp.org/view_negotiation.cfm?nego_id=47734
2026-07-20,UNDP notices,Title Expert(e) national(e) en économie spécialisé Ref No UNDP-DZA-00296 UNDP Office/Country UNDP-DZA/ALGERIA Process IC - Individual contractor Deadline 27-Jul-26 11:00 AM (New York time) Posted 17-Jul-26,UNDP,algeria,,,https://procurement-notices.undp.org/view_negotiation.cfm?nego_id=47713
2026-07-20,UNDP notices,Title GEF PPG Team Leader Ref No UNDP-GNB-00378 UNDP Office/Country UNDP-GNB/GUINEA-BISSAU Process IC - Individual contractor Deadline 30-Jul-26 05:31 AM (New York time) Posted 17-Jul-26,UNDP,"guinea, guinea-bissau",,,https://procurement-notices.undp.org/view_negotiation.cfm?nego_id=47733
2026-07-20,UNDP notices,Title Supply and Delivery of Solar System Equipments to Maswa Game Reserve Ref No UNDP-TZA-00411 UNDP Office/Country UNDP-TZA/TANZANIA Process RFQ - Request for quotation Deadline 24-Jul-26 03:00 AM (New York time) Poste,UNDP,tanzania,,,https://procurement-notices.undp.org/view_negotiation.cfm?nego_id=47738
2026-07-20,UNDP notices,Title Completion of the Rehabilitation works in Multipurpose Sports Field in Maquival Ref No UNDP-MOZ-00939 UNDP Office/Country UNDP-MOZ/MOZAMBIQUE Process RFQ - Request for quotation Deadline 27-Jul-26 04:30 PM (New Yor,UNDP,mozambique,,,https://procurement-notices.undp.org/view_negotiation.cfm?nego_id=47728
2026-07-20,UNDP notices,"Title International, institution/firm with a team to develop and deliver a comprehensi Ref No UNDP-GNB-00376 UNDP Office/Country UNDP-GNB/GUINEA-BISSAU Process RFP - Request for proposal Deadline 31-Jul-26 08:12 AM (New ",UNDP,"guinea, guinea-bissau",,,https://procurement-notices.undp.org/view_negotiation.cfm?nego_id=47729
2026-07-20,UNDP notices,Title Procurement of Grindmills and compost chambers Ref No UNDP-GMB-00609 UNDP Office/Country UNDP-GMB/GAMBIA Process RFQ - Request for quotation Deadline 30-Jul-26 08:48 AM (New York time) Posted 17-Jul-26,UNDP,gambia,,,https://procurement-notices.undp.org/view_negotiation.cfm?nego_id=47730
2026-07-20,UNDP notices,"Title RFQ35/2026:QIAsymphony AS – Qiagen Automated Assay Ref No UNDP-TUN-01076,1 UNDP Office/Country UNDP-TUN/TUNISIA Process RFQ - Request for quotation Deadline 31-Jul-26 06:00 PM (New York time) Posted 17-Jul-26",UNDP,tunisia,,,https://procurement-notices.undp.org/view_negotiation.cfm?nego_id=47735
2026-07-20,UNDP notices,Title Event Management Services for Women Leadership Political Forum Ref No UNDP-NGA-01469 UNDP Office/Country UNDP-NGA/NIGERIA Process RFP - Request for proposal Deadline 22-Jul-26 12:00 PM (New York time) Posted 17-Jul,UNDP,"niger, nigeria",,,https://procurement-notices.undp.org/view_negotiation.cfm?nego_id=47749
2026-07-20,UNDP notices,Title RECRUTEMENT D'UN(e) CONSULTANT(e ) NATIONAL(E) REALISATION ETUDE ET ANALYSE GENR Ref No UNDP-CAF-00485 UNDP Office/Country UNDP-CAF/CENTRAL AFRICAN REPUBLIC Process IC - Individual contractor Deadline 24-Jul-26 05:,UNDP,"central african republic, africa, african",,,https://procurement-notices.undp.org/view_negotiation.cfm?nego_id=47742
2026-07-20,UNDP notices,Title Project Preparation Grant Team Leader Ref No UNDP-GNB-00377 UNDP Office/Country UNDP-GNB/GUINEA-BISSAU Process IC - Individual contractor Deadline 31-Jul-26 08:12 AM (New York time) Posted 17-Jul-26,UNDP,"guinea, guinea-bissau",,,https://procurement-notices.undp.org/view_negotiation.cfm?nego_id=47732
2026-07-20,UNDP notices,Title Provision of Business Develoment Services (BDS) Ref No UNCDF-00671 UNDP Office/Country UNCDF/UGANDA Process RFP - Request for proposal Deadline 05-Aug-26 11:00 AM (New York time) Posted 16-Jul-26,UNDP,uganda,,,https://procurement-notices.undp.org/view_negotiation.cfm?nego_id=47702
2026-07-20,UNDP notices,Title Gender and social inclusion Expert - National Consultant Ref No UNDP-GNB-00370 UNDP Office/Country UNDP-GNB/GUINEA-BISSAU Process IC - Individual contractor Deadline 30-Jul-26 12:10 PM (New York time) Posted 16-Jul,UNDP,"guinea, guinea-bissau",,,https://procurement-notices.undp.org/view_negotiation.cfm?nego_id=47703
2026-07-20,UNDP notices,Title Mid Term Project Evaluation of ETH-GBON-SOFF Project Ref No UNDP-ETH-00759 UNDP Office/Country UNDP-ETH/ETHIOPIA Process IC - Individual contractor Deadline 31-Jul-26 11:30 AM (New York time) Posted 16-Jul-26,UNDP,ethiopia,,,https://procurement-notices.undp.org/view_negotiation.cfm?nego_id=47704
2026-07-20,UNDP notices,Title Prestataire en charge d'un programme d’accélération TPME Ref No UNDP-DZA-00294 UNDP Office/Country UNDP-DZA/ALGERIA Process RFP - Request for proposal Deadline 04-Aug-26 11:00 AM (New York time) Posted 16-Jul-26,UNDP,algeria,,,https://procurement-notices.undp.org/view_negotiation.cfm?nego_id=47665
2026-07-20,UNDP notices,"Title Communications and Media Production Services for the Women Political Leadership Ref No UNDP-NGA-01471,1 UNDP Office/Country UNDP-NGA/NIGERIA Process RFP - Request for proposal Deadline 22-Jul-26 10:00 AM (New York ",UNDP,"niger, nigeria",,,https://procurement-notices.undp.org/view_negotiation.cfm?nego_id=47680
2026-07-20,UNDP notices,Title LTA prestation de services de maintenance siège des Nations Unies Ref No UNDP-DZA-00292 UNDP Office/Country UNDP-DZA/ALGERIA Process RFP - Request for proposal Deadline 30-Jul-26 11:30 AM (New York time) Posted 16-,UNDP,algeria,,,https://procurement-notices.undp.org/view_negotiation.cfm?nego_id=47673
2026-07-20,UNDP notices,Title Installation and User Training on Laboratory Equipment for the timbuktoo HealthT Ref No UNDP-RWA-00385 UNDP Office/Country UNDP-RWA/RWANDA Process RFP - Request for proposal Deadline 27-Jul-26 08:52 AM (New York ti,UNDP,rwanda,,,https://procurement-notices.undp.org/view_negotiation.cfm?nego_id=47675
2026-07-20,UNDP notices,Title Delivery Of Office Furniture & ICT Equipment Ref No UNDP-SOM-00679 UNDP Office/Country UNDP-SOM/SOMALIA Process RFQ - Request for quotation Deadline 23-Jul-26 05:02 AM (New York time) Posted 16-Jul-26,UNDP,"mali, somalia",,,https://procurement-notices.undp.org/view_negotiation.cfm?nego_id=47677
2026-07-20,UNDP notices,"Title IC - Partnership, Development Finance and Private Sector Engagement Consultant Ref No UNDP-ETH-00758 UNDP Office/Country UNDP-ETH/ETHIOPIA Process IC - Individual contractor Deadline 30-Jul-26 05:10 AM (New York ti",UNDP,ethiopia,,,https://procurement-notices.undp.org/view_negotiation.cfm?nego_id=47684
2026-07-20,UNDP notices,Title Purchase of IT equipment (MINJUSDH) Ref No UNDP-AGO-00247 UNDP Office/Country UNDP-AGO/ANGOLA Process RFQ - Request for quotation Deadline 21-Jul-26 08:00 AM (New York time) Posted 16-Jul-26,UNDP,angola,,,https://procurement-notices.undp.org/view_negotiation.cfm?nego_id=47688
2026-07-20,UNDP notices,Title Bokamoso Skills Programme: Bridging the Digital & AI Divide for Youth Ref No UNDP-BWA-00275 UNDP Office/Country UNDP-BWA/BOTSWANA Process RFP - Request for proposal Deadline 31-Jul-26 05:00 AM (New York time) Poste,UNDP,botswana,,,https://procurement-notices.undp.org/view_negotiation.cfm?nego_id=47689
2026-07-20,UNDP notices,Title Expert(e) national(e) en sécurité nationale et enjeux numériques Ref No UNDP-DZA-00298 UNDP Office/Country UNDP-DZA/ALGERIA Process IC - Individual contractor Deadline 26-Jul-26 11:30 AM (New York time) Posted 16-J,UNDP,algeria,,,https://procurement-notices.undp.org/view_negotiation.cfm?nego_id=47690
2026-07-20,UNDP notices,Title Développement des compétences numériques et inclusion digitale Ref No UNDP-DZA-00297 UNDP Office/Country UNDP-DZA/ALGERIA Process IC - Individual contractor Deadline 26-Jul-26 11:30 AM (New York time) Posted 16-Jul,UNDP,algeria,,,https://procurement-notices.undp.org/view_negotiation.cfm?nego_id=47691
2026-07-20,UNDP notices,Title droit du numérique et cadre institutionnel Ref No UNDP-DZA-00295 UNDP Office/Country UNDP-DZA/ALGERIA Process IC - Individual contractor Deadline 26-Jul-26 11:30 AM (New York time) Posted 16-Jul-26,UNDP,algeria,,,https://procurement-notices.undp.org/view_negotiation.cfm?nego_id=47693
2026-07-20,UNDP notices,"Title Consultancy-Investment Readiness, Project Packaging, and Investment Facilitation Ref No UNDP-BWA-00276 UNDP Office/Country UNDP-BWA/BOTSWANA Process RFP - Request for proposal Deadline 31-Jul-26 05:00 AM (New York ",UNDP,botswana,,,https://procurement-notices.undp.org/view_negotiation.cfm?nego_id=47697
2026-07-20,UNDP notices,Title for Procurement and Installation of Sound system for UNCC Town-Hall Meeting Room Ref No UNDP-LBY-00687 UNDP Office/Country UNDP-LBY/LIBYA Process RFQ - Request for quotation Deadline 23-Jul-26 09:00 AM (New York ti,UNDP,libya,,,https://procurement-notices.undp.org/view_negotiation.cfm?nego_id=47667
2026-07-20,UNDP notices,"Title Design, develop, deploy and operationalize a Digital Legal Information System Ref No UNDP-GMB-00608 UNDP Office/Country UNDP-GMB/GAMBIA Process RFP - Request for proposal Deadline 30-Jul-26 11:00 AM (New York time)",UNDP,gambia,,,https://procurement-notices.undp.org/view_negotiation.cfm?nego_id=47660
2026-07-20,UNDP notices,Title Integration of Senaite LIMS and Biorepository Software Ref No UNDP-ZWE-01892 UNDP Office/Country UNDP-ZWE/ZIMBABWE Process RFP - Request for proposal Deadline 03-Aug-26 04:00 AM (New York time) Posted 16-Jul-26,UNDP,zimbabwe,,,https://procurement-notices.undp.org/view_negotiation.cfm?nego_id=47658
2026-07-20,UNDP notices,Title Evaluation Consultant –Green Economic Growth and Nature Positive Development for Ref No UNDP-JOR-00700 UNDP Office/Country UNDP-JOR/JORDAN Process IC - Individual contractor Deadline 23-Jul-26 05:00 AM (New York ti,UNDP,,,,https://procurement-notices.undp.org/view_negotiation.cfm?nego_id=47670
2026-07-20,UNDP notices,Title Call for Expressions of Interest  Professional specialised and advisory engineering services under the Ulimi ndi Chilengedwe m’Malawi (UCHI) – Strengthening Agricultural Commercialisation Project Ref No 98872 UNDP ,UNDP,malawi,,,https://procurement-notices.undp.org/view_notice.cfm?notice_id=98872
2026-07-20,UNDP notices,"Title Management & Coordination of the Sierra Leone Fintech Innovation Challenge  Acti Ref No UNCDF-00676,1 UNDP Office/Country UNCDF/SIERRA LEONE Process RFP - Request for proposal Deadline 29-Jul-26 03:00 PM (New York ",UNDP,sierra leone,,,https://procurement-notices.undp.org/view_negotiation.cfm?nego_id=47648
2026-07-20,UNDP notices,"Title EOI-BGI-IP Coastal Resilience Samoa Project-NCA, DST, NbS Capacity Dev Const Ser Ref No UNDP-WSM-00243,1 UNDP Office/Country UNDP-WSM/SAMOA Process Deadline 24-Jul-26 09:59 AM (New York time) Posted 15-Jul-26",UNDP,,,,https://procurement-notices.undp.org/view_negotiation.cfm?nego_id=47606
2026-07-20,UNDP notices,Title Hybrid Film Production combining interviews and Animation Film Production for Na Ref No UNDP-NAM-00171 UNDP Office/Country UNDP-NAM/NAMIBIA Process RFQ - Request for quotation Deadline 29-Jul-26 08:16 AM (New York ,UNDP,namibia,,,https://procurement-notices.undp.org/view_negotiation.cfm?nego_id=47612
2026-07-20,UNDP notices,Title National Consultant on Public Policy Innovation Ref No UNDP-ARM-00996 UNDP Office/Country UNDP-ARM/ARMENIA Process IC - Individual contractor Deadline 29-Jul-26 08:00 AM (New York time) Posted 15-Jul-26,UNDP,,,,https://procurement-notices.undp.org/view_negotiation.cfm?nego_id=47618
2026-07-20,UNDP notices,Title RFP for Implementing DigiScenema Fellowship Ref No UNDP-EGY-00834 UNDP Office/Country UNDP-EGY/EGYPT Process RFP - Request for proposal Deadline 28-Jul-26 07:00 AM (New York time) Posted 15-Jul-26,UNDP,egypt,,,https://procurement-notices.undp.org/view_negotiation.cfm?nego_id=47619
2026-07-20,UNDP notices,Title TRAVAUX DE REHABILITATION DES CELLULES DE DETENTION DE L’UMIRR A BANGUI – RCA Ref No UNDP-CAF-00486 UNDP Office/Country UNDP-CAF/CENTRAL AFRICAN REPUBLIC Process RFQ - Request for quotation Deadline 27-Jul-26 04:30,UNDP,"central african republic, africa, african",,,https://procurement-notices.undp.org/view_negotiation.cfm?nego_id=47620
2026-07-20,UNDP notices,Title Junior consultant for capacity building of Local Youth Council and other young p Ref No UNDP-ALB-00880 UNDP Office/Country UNDP-ALB/ALBANIA Process IC - Individual contractor Deadline 28-Jul-26 10:00 AM (New York t,UNDP,,,,https://procurement-notices.undp.org/view_negotiation.cfm?nego_id=47631
2026-07-20,UNDP notices,Title Supply and installation of air conditioning units Ref No UNDP-ZWE-01866 UNDP Office/Country UNDP-ZWE/ZIMBABWE Process RFQ - Request for quotation Deadline 27-Jul-26 05:00 AM (New York time) Posted 15-Jul-26,UNDP,zimbabwe,,,https://procurement-notices.undp.org/view_negotiation.cfm?nego_id=47623
2026-07-20,UNDP notices,Title IC Senior Expert - Evaluator for Terminal Evaluation (GEF-financed Project) Ref No UNDP-SRB-01423 UNDP Office/Country UNDP-SRB/SERBIA Process IC - Individual contractor Deadline 29-Jul-26 10:00 AM (New York time) P,UNDP,,,,https://procurement-notices.undp.org/view_negotiation.cfm?nego_id=47624
2026-07-20,UNDP notices,Title UNDP-TCD-00948-Demande de proposition pour la sélection de deux ONG nationales Ref No UNDP-TCD-00948 UNDP Office/Country UNDP-TCD/CHAD Process Deadline 31-Jul-26 05:30 AM (New York time) Posted 15-Jul-26,UNDP,chad,,,https://procurement-notices.undp.org/view_negotiation.cfm?nego_id=47625
2026-07-20,UNDP notices,Title Procurement of Heavy-duty Agricultural Equipment for Impact Logging Ref No UNDP-LBR-00923 UNDP Office/Country UNDP-LBR/LIBERIA Process ITB - Invitation to bid Deadline 29-Jul-26 06:03 AM (New York time) Posted 15-J,UNDP,liberia,,,https://procurement-notices.undp.org/view_negotiation.cfm?nego_id=47626
2026-07-20,UNDP notices,Title Renovation of two community clinic in Banjor and VOA Ref No UNDP-LBR-00924 UNDP Office/Country UNDP-LBR/LIBERIA Process RFQ - Request for quotation Deadline 27-Jul-26 10:00 AM (New York time) Posted 15-Jul-26,UNDP,liberia,,,https://procurement-notices.undp.org/view_negotiation.cfm?nego_id=47629
2026-07-20,UNDP notices,Title SELECTION D’UN CABINET  POUR LA REALISATION DE L’AUDIT DE LA FILE Ref No UNDP-BDI-00723 UNDP Office/Country UNDP-BDI/BURUNDI Process RFP - Request for proposal Deadline 29-Jul-26 06:00 AM (New York time) Posted 15-,UNDP,burundi,,,https://procurement-notices.undp.org/view_negotiation.cfm?nego_id=47630
2026-07-20,UNDP notices,Title National Environment Specialist for Bootless Bay Ref No UNDP-PNG-00192 UNDP Office/Country UNDP-PNG/PAPUA NEW GUINEA Process IC - Individual contractor Deadline 29-Jul-26 04:00 AM (New York time) Posted 15-Jul-26,UNDP,guinea,,,https://procurement-notices.undp.org/view_negotiation.cfm?nego_id=47608
2026-07-20,UNDP notices,Title Lot 1 des Plans Intégrés de Développement et d’Aménagement Ksar Ref No UNDP-MAR-00560 UNDP Office/Country UNDP-MAR/MOROCCO Process RFP - Request for proposal Deadline 28-Jul-26 01:00 PM (New York time) Posted 15-Ju,UNDP,morocco,,,https://procurement-notices.undp.org/view_negotiation.cfm?nego_id=47634
2026-07-20,UNDP notices,"Title Recrutement Agence de Communication lancement projet ""Océan propre et sain"" Ref No UNDP-MDG-00841 UNDP Office/Country UNDP-MDG/MADAGASCAR Process RFP - Request for proposal Deadline 21-Jul-26 05:00 PM (New York tim",UNDP,madagascar,,,https://procurement-notices.undp.org/view_negotiation.cfm?nego_id=47635
2026-07-20,UNDP notices,Title Lot 2 des Plans Intégrés de Développement et d’Aménagement Ksar Ref No UNDP-MAR-00561 UNDP Office/Country UNDP-MAR/MOROCCO Process RFP - Request for proposal Deadline 28-Jul-26 01:00 PM (New York time) Posted 15-Ju,UNDP,morocco,,,https://procurement-notices.undp.org/view_negotiation.cfm?nego_id=47636
2026-07-20,UNDP notices,Title Renovation of the Anti-Corruption Commission (ACC) Office. Ref No UNDP-GMB-00603 UNDP Office/Country UNDP-GMB/GAMBIA Process RFQ - Request for quotation Deadline 27-Jul-26 10:00 AM (New York time) Posted 15-Jul-26,UNDP,gambia,,,https://procurement-notices.undp.org/view_negotiation.cfm?nego_id=47638
2026-07-20,UNDP notices,"Title Acquisition de 500 tentes de camping  de quatre places Ref No UNDP-CIV-00472,1 UNDP Office/Country UNDP-CIV/COTE d'IVOIRE Process RFQ - Request for quotation Deadline 27-Jul-26 08:30 AM (New York time) Posted 15-Ju",UNDP,cote d'ivoire,,,https://procurement-notices.undp.org/view_negotiation.cfm?nego_id=47639
2026-07-20,UNDP notices,Title Mid-Term Evaluation of the Joint Programme on Local Development in Cabo Verde Ref No UNDP-CPV-00157 UNDP Office/Country UNDP-CPV/CAPE VERDE Process RFP - Request for proposal Deadline 30-Jul-26 01:00 PM (New York t,UNDP,"cabo verde, cape verde",,,https://procurement-notices.undp.org/view_negotiation.cfm?nego_id=47642
2026-07-20,UNDP notices,Title PBO Strategic Planning Consultant (National) Ref No UNDP-LBR-00925 UNDP Office/Country UNDP-LBR/LIBERIA Process IC - Individual contractor Deadline 22-Jul-26 06:00 AM (New York time) Posted 15-Jul-26,UNDP,liberia,,,https://procurement-notices.undp.org/view_negotiation.cfm?nego_id=47643
2026-07-20,UNDP notices,Title Purchase of ICT Equipment and Installation Ref No UNCDF-00661 UNDP Office/Country UNCDF/SIERRA LEONE Process RFQ - Request for quotation Deadline 27-Jul-26 05:00 PM (New York time) Posted 14-Jul-26,UNDP,sierra leone,,,https://procurement-notices.undp.org/view_negotiation.cfm?nego_id=47600
2026-07-20,UNDP notices,Title Deployment of a Parliamentary Management System (PMS) for NA RA (re-tendering) Ref No UNDP-ARM-00992 UNDP Office/Country UNDP-ARM/ARMENIA Process RFP - Request for proposal Deadline 27-Jul-26 08:00 AM (New York tim,UNDP,,,,https://procurement-notices.undp.org/view_negotiation.cfm?nego_id=47554
2026-07-20,UNDP notices,Title Renovation and upgrading of Biyo Kulule Police station Ref No UNDP-SOM-00676 UNDP Office/Country UNDP-SOM/SOMALIA Process RFQ - Request for quotation Deadline 21-Jul-26 07:39 AM (New York time) Posted 14-Jul-26,UNDP,"mali, somalia",,,https://procurement-notices.undp.org/view_negotiation.cfm?nego_id=47556
2026-07-20,UNDP notices,"Title Manifestation d’Intérêts (AMI) Prestataire Service Financier (PSF) agréés en RDC Ref No UNDP-COD-01301 UNDP Office/Country UNDP-COD/CONGO, DEM. REPUBLIC Process Deadline 03-Aug-26 01:05 PM (New York time) Posted 14",UNDP,congo,,,https://procurement-notices.undp.org/view_negotiation.cfm?nego_id=47560
2026-07-20,UNDP notices,Title Procurement&Installation of Training Equipment/Counterfeiting &Forgery Lab MOI Ref No UNDP-LBY-00686 UNDP Office/Country UNDP-LBY/LIBYA Process RFQ - Request for quotation Deadline 31-Jul-26 11:00 AM (New York time,UNDP,libya,,,https://procurement-notices.undp.org/view_negotiation.cfm?nego_id=47561
2026-07-20,UNDP notices,"Title Borehole drilling  in Yeed - Southwest State ,Somalia Ref No UNDP-SOM-00677 UNDP Office/Country UNDP-SOM/SOMALIA Process RFQ - Request for quotation Deadline 28-Jul-26 05:00 AM (New York time) Posted 14-Jul-26",UNDP,"mali, somalia",,,https://procurement-notices.undp.org/view_negotiation.cfm?nego_id=47565
2026-07-20,UNDP notices,Title CABINET DE CONTROLE ET DE SUPERVISION DES TRAVAUX  POUR LE PNUD Ref No UNDP-NER-00655 UNDP Office/Country UNDP-NER/NIGER Process RFP - Request for proposal Deadline 28-Jul-26 08:00 AM (New York time) Posted 14-Jul-,UNDP,niger,,,https://procurement-notices.undp.org/view_negotiation.cfm?nego_id=47602
2026-07-20,UNDP notices,Title Request for Furniture Ref No UNDP-SLE-00307 UNDP Office/Country UNDP-SLE/SIERRA LEONE Process RFQ - Request for quotation Deadline 23-Jul-26 02:59 PM (New York time) Posted 14-Jul-26,UNDP,sierra leone,,,https://procurement-notices.undp.org/view_negotiation.cfm?nego_id=47590
2026-07-20,UNDP notices,Title SUPPLY AND DELIVERY OF HARDWARE MATERIAL TO UPGRADE GARAHWA NDAU RADIO STATION Ref No UNDP-ZWE-01905 UNDP Office/Country UNDP-ZWE/ZIMBABWE Process RFQ - Request for quotation Deadline 21-Jul-26 06:42 AM (New York t,UNDP,zimbabwe,,,https://procurement-notices.undp.org/view_negotiation.cfm?nego_id=47571
2026-07-20,UNDP notices,Title International Consultant for the DevelopmenTt of a GCF Readiness Project Ref No UNDP-DJI-00245 UNDP Office/Country UNDP-DJI/DJIBOUTI Process IC - Individual contractor Deadline 28-Jul-26 05:30 AM (New York time) Po,UNDP,djibouti,,,https://procurement-notices.undp.org/view_negotiation.cfm?nego_id=47573
2026-07-20,UNDP notices,"Title Design, develop, and deploy a Critical Minerals Market Intelligence System Ref No UNDP-GHA-00537 UNDP Office/Country UNDP-GHA/GHANA Process RFP - Request for proposal Deadline 30-Jul-26 12:30 PM (New York time) Pos",UNDP,ghana,,,https://procurement-notices.undp.org/view_negotiation.cfm?nego_id=47577
2026-07-20,UNDP notices,"Title Recrutement Consultant.e National.e, Spécialiste en genre et mobilisation Ref No UNDP-CIV-00464,1 UNDP Office/Country UNDP-CIV/COTE d'IVOIRE Process IC - Individual contractor Deadline 27-Jul-26 08:00 AM (New York ",UNDP,cote d'ivoire,,,https://procurement-notices.undp.org/view_negotiation.cfm?nego_id=47583
2026-07-20,UNDP notices,Title Consultant national pour l'évaluation finale du projet UE Ref No UNDP-CAF-00487 UNDP Office/Country UNDP-CAF/CENTRAL AFRICAN REPUBLIC Process IC - Individual contractor Deadline 21-Jul-26 04:30 PM (New York time) P,UNDP,"central african republic, africa, african",,,https://procurement-notices.undp.org/view_negotiation.cfm?nego_id=47597
2026-07-20,UNDP notices,Title IC en planification stratégique pour appuyer le Tribunal administratif Ref No UNDP-TUN-01073 UNDP Office/Country UNDP-TUN/TUNISIA Process IC - Individual contractor Deadline 28-Jul-26 06:59 PM (New York time) Poste,UNDP,tunisia,,,https://procurement-notices.undp.org/view_negotiation.cfm?nego_id=47599
2026-07-20,UNDP notices,Title Development of Coastal Ecosystem Insurance Programmes in Mozambique and Egypt Ref No UNDP-HQ-02231 UNDP Office/Country UNDP-HQ/MOZAMBIQUE Process RFP - Request for proposal Deadline 30-Jul-26 10:00 AM (New York tim,UNDP,"egypt, mozambique",,,https://procurement-notices.undp.org/view_negotiation.cfm?nego_id=47596
2026-07-20,UNDP notices,Title Institution to Design and Implement a Two-Cycle Innovation Hackathon Programme Ref No UNCDF-00669 UNDP Office/Country UNCDF/GHANA Process RFP - Request for proposal Deadline 31-Jul-26 11:59 PM (New York time) Poste,UNDP,ghana,,,https://procurement-notices.undp.org/view_negotiation.cfm?nego_id=47542
2026-07-20,UNDP notices,Title Recrutement d'un Consultant Individuel National pour une Analyse Ref No UNDP-BDI-00720 UNDP Office/Country UNDP-BDI/BURUNDI Process IC - Individual contractor Deadline 21-Jul-26 08:22 AM (New York time) Posted 13-J,UNDP,burundi,,,https://procurement-notices.undp.org/view_negotiation.cfm?nego_id=47534
2026-07-20,UNDP notices,Title Recrutement d’un consultant national pour la réalisation de l’étude de faisabili Ref No UNDP-TCD-00945 UNDP Office/Country UNDP-TCD/CHAD Process IC - Individual contractor Deadline 27-Jul-26 06:00 AM (New York time,UNDP,chad,,,https://procurement-notices.undp.org/view_negotiation.cfm?nego_id=47535
2026-07-20,UNDP notices,Title RECRUTEMENT ENTREPRISE SYSTÈME DE GESTION PÉNITENTIAIRE INTÉGRÉ (SGAP) AU NIGER Ref No UNDP-NER-00654 UNDP Office/Country UNDP-NER/NIGER Process RFP - Request for proposal Deadline 26-Jul-26 12:15 PM (New York time,UNDP,niger,,,https://procurement-notices.undp.org/view_negotiation.cfm?nego_id=47546
2026-07-20,UNDP notices,Title Recrutement de deux (02) Consultants Nationaux Spécialiste Vétérinaire Ref No UNDP-NER-00656 UNDP Office/Country UNDP-NER/NIGER Process IC - Individual contractor Deadline 27-Jul-26 02:35 PM (New York time) Posted ,UNDP,niger,,,https://procurement-notices.undp.org/view_negotiation.cfm?nego_id=47548
2026-07-20,UNDP notices,Title RFP: Leather and Crafts Quality Enhancement and Market Compliance Ref No UNDP-LSO-00467 UNDP Office/Country UNDP-LSO/LESOTHO Process RFP - Request for proposal Deadline 27-Jul-26 07:05 AM (New York time) Posted 13-,UNDP,lesotho,,,https://procurement-notices.undp.org/view_negotiation.cfm?nego_id=47507
2026-07-20,UNDP notices,Title REOI: Travel Management Services in the Philippines Ref No UNDP-PHL-00976 UNDP Office/Country UNDP-PHL/PHILIPPINES Process Deadline 24-Jul-26 05:00 AM (New York time) Posted 13-Jul-26,UNDP,,,,https://procurement-notices.undp.org/view_negotiation.cfm?nego_id=47499
2026-07-20,UNDP notices,Title RFP - Development of the Kingdom of Lesotho Sustainable Bond Framework Duty Ref No UNDP-LSO-00466 UNDP Office/Country UNDP-LSO/LESOTHO Process RFP - Request for proposal Deadline 27-Jul-26 06:25 AM (New York time) ,UNDP,lesotho,,,https://procurement-notices.undp.org/view_negotiation.cfm?nego_id=47506
2026-07-20,UNDP notices,"Title International Firm for Activation of Manufacturing Capabilities and commercial Ref No UNDP-UGA-00557,1 UNDP Office/Country UNDP-UGA/UGANDA Process RFP - Request for proposal Deadline 31-Jul-26 12:00 PM (New York ti",UNDP,uganda,,,https://procurement-notices.undp.org/view_negotiation.cfm?nego_id=47515
2026-07-20,UNDP notices,"Title Supply,Delivery and Installation of CCTV,Access control and PA Systems for UNDP Ref No UNDP-SOM-00675 UNDP Office/Country UNDP-SOM/SOMALIA Process RFQ - Request for quotation Deadline 25-Jul-26 04:23 AM (New York t",UNDP,"mali, somalia",,,https://procurement-notices.undp.org/view_negotiation.cfm?nego_id=47525
2026-07-20,UNDP notices,Title Digital Financial Inclusion Expert Ref No UNDP-JOR-00697 UNDP Office/Country UNDP-JOR/JORDAN Process IC - Individual contractor Deadline 22-Jul-26 05:00 AM (New York time) Posted 13-Jul-26,UNDP,,,,https://procurement-notices.undp.org/view_negotiation.cfm?nego_id=47527
2026-07-20,UNDP notices,Title Structure Nationale (ONG/Association nationale) pour une Formation en Boulangeri Ref No UNDP-NER-00653 UNDP Office/Country UNDP-NER/NIGER Process RFP - Request for proposal Deadline 26-Jul-26 11:04 AM (New York tim,UNDP,niger,,,https://procurement-notices.undp.org/view_negotiation.cfm?nego_id=47543
2026-07-20,UNDP notices,Title NATIONAL SERVICE PROVIDER FOR CLIMATE CITIZENS ASSEMBLY 2026-CAPE TOWN Ref No UNDP-ZAF-00229 UNDP Office/Country UNDP-ZAF/SOUTH AFRICA Process RFP - Request for proposal Deadline 27-Jul-26 10:00 AM (New York time) ,UNDP,"south africa, africa",,,https://procurement-notices.undp.org/view_negotiation.cfm?nego_id=47533
2026-07-20,UNDP notices,Title Biodiversity Financial Needs Assessment and Biodiversity Finance Plan Consultant Ref No UNDP-LSO-00465 UNDP Office/Country UNDP-LSO/LESOTHO Process IC - Individual contractor Deadline 26-Jul-26 01:25 AM (New York t,UNDP,lesotho,,,https://procurement-notices.undp.org/view_negotiation.cfm?nego_id=47493
2026-07-20,UNDP notices,Title Consultant - Public Sector Delivery and Performance Assessment -Lesotho GVT Ref No UNDP-LSO-00464 UNDP Office/Country UNDP-LSO/LESOTHO Process IC - Individual contractor Deadline 26-Jul-26 12:39 PM (New York time) ,UNDP,lesotho,,,https://procurement-notices.undp.org/view_negotiation.cfm?nego_id=47494
2026-07-20,UNDP notices,Title Individual National Consultant to Conduct the Mid-Term Review of Rwanda's NST2 Ref No UNDP-RWA-00384 UNDP Office/Country UNDP-RWA/RWANDA Process IC - Individual contractor Deadline 24-Jul-26 12:00 PM (New York time,UNDP,rwanda,,,https://procurement-notices.undp.org/view_negotiation.cfm?nego_id=47496
2026-07-20,UNDP notices,Title Rehabilitation Works Ref No UNDP-MOZ-00938 UNDP Office/Country UNDP-MOZ/MOZAMBIQUE Process RFQ - Request for quotation Deadline 22-Jul-26 09:00 AM (New York time) Posted 10-Jul-26,UNDP,mozambique,,,https://procurement-notices.undp.org/view_negotiation.cfm?nego_id=47466
2026-07-20,UNDP notices,Title National Consultant to Support the Terminal Evaluation of a project Ref No UNDP-GNB-00373 UNDP Office/Country UNDP-GNB/GUINEA-BISSAU Process IC - Individual contractor Deadline 27-Jul-26 09:32 AM (New York time) Po,UNDP,"guinea, guinea-bissau",,,https://procurement-notices.undp.org/view_negotiation.cfm?nego_id=47467
2026-07-20,UNDP notices,"Title IC - Conduct MSME Capacity Assessments, Market Readiness Diagnostics Ref No UNDP-GHA-00535 UNDP Office/Country UNDP-GHA/GHANA Process IC - Individual contractor Deadline 24-Jul-26 05:15 AM (New York time) Posted 10",UNDP,ghana,,,https://procurement-notices.undp.org/view_negotiation.cfm?nego_id=47468
2026-07-20,UNDP notices,Title DIAGNÓSTICO PARA MANTENIMIENTO PREVENTIVO Y MEJORA DE RED ELÉCTRICA-EDIFICIO ONU Ref No UNDP-GNQ-00176 UNDP Office/Country UNDP-GNQ/EQUATORIAL GUINEA Process RFP - Request for proposal Deadline 24-Jul-26 07:00 AM (,UNDP,"equatorial guinea, guinea",,,https://procurement-notices.undp.org/view_negotiation.cfm?nego_id=47469
2026-07-20,UNDP notices,Title LTA - Fourniture de carburant pour les agences du SNU Togo Ref No UNDP-TGO-00353 UNDP Office/Country UNDP-TGO/TOGO Process RFQ - Request for quotation Deadline 31-Jul-26 06:00 AM (New York time) Posted 10-Jul-26,UNDP,togo,,,https://procurement-notices.undp.org/view_negotiation.cfm?nego_id=47475
2026-07-20,UNDP notices,Title UNDP-RFP-2026-176 Provision of Community Mobilization and Capacity Building unde Ref No UNDP-PAK-01670 UNDP Office/Country UNDP-PAK/PAKISTAN Process RFP - Request for proposal Deadline 27-Jul-26 06:00 AM (New York ,UNDP,,,,https://procurement-notices.undp.org/view_negotiation.cfm?nego_id=47443
2026-07-20,UNDP notices,Title ORGANISATION ATELIER PRESENTATION OFFICIELLE CDN3 Ref No UNDP-MDG-00839 UNDP Office/Country UNDP-MDG/MADAGASCAR Process RFQ - Request for quotation Deadline 23-Jul-26 05:00 PM (New York time) Posted 10-Jul-26,UNDP,madagascar,,,https://procurement-notices.undp.org/view_negotiation.cfm?nego_id=47448
2026-07-20,UNDP notices,Title Réhabilitation d'Urgence des Bâtiments Administratifs VAGUE 02 Ref No UNDP-MDG-00836 UNDP Office/Country UNDP-MDG/MADAGASCAR Process RFQ - Request for quotation Deadline 27-Jul-26 10:00 AM (New York time) Posted 10,UNDP,madagascar,,,https://procurement-notices.undp.org/view_negotiation.cfm?nego_id=47451
2026-07-20,UNDP notices,"Title UNDP-TCD-00941-Acquisition, installation d'un système de vidéosurveillance Ref No UNDP-TCD-00941 UNDP Office/Country UNDP-TCD/CHAD Process RFQ - Request for quotation Deadline 23-Jul-26 07:15 AM (New York time) Pos",UNDP,chad,,,https://procurement-notices.undp.org/view_negotiation.cfm?nego_id=47471
2026-07-20,UNDP notices,"Title Zambezi (8kVA) and Makobole (5kVA) Solar system Replacements, Binga District Ref No UNDP-ZWE-01896 UNDP Office/Country UNDP-ZWE/ZIMBABWE Process RFQ - Request for quotation Deadline 27-Jul-26 04:14 AM (New York tim",UNDP,zimbabwe,,,https://procurement-notices.undp.org/view_negotiation.cfm?nego_id=47459
2026-07-20,UNDP notices,"Title National Consultant Technical Assistance to Support HIV, TB & Malaria Ref No UNDP-AGO-00244 UNDP Office/Country UNDP-AGO/ANGOLA Process IC - Individual contractor Deadline 20-Jul-26 12:00 PM (New York time) Posted ",UNDP,angola,,,https://procurement-notices.undp.org/view_negotiation.cfm?nego_id=47460
2026-07-20,UNDP notices,Title Consulting Firm to support Universities in Career Services Development Ref No UNCDF-00667 UNDP Office/Country UNCDF/GHANA Process RFP - Request for proposal Deadline 30-Jul-26 11:59 PM (New York time) Posted 09-Jul,UNDP,ghana,,,https://procurement-notices.undp.org/view_negotiation.cfm?nego_id=47432
2026-07-20,UNDP notices,"Title Provide, install, and customize accounting software for 25 SMEs Ref No UNCDF-00660,1 UNDP Office/Country UNCDF/UGANDA Process RFQ - Request for quotation Deadline 23-Jul-26 11:00 AM (New York time) Posted 09-Jul-26",UNDP,uganda,,,https://procurement-notices.undp.org/view_negotiation.cfm?nego_id=47426
2026-07-20,UNDP notices,Title Procurement of Furniture for Fintech Lab Ref No UNCDF-00666 UNDP Office/Country UNCDF/SIERRA LEONE Process RFQ - Request for quotation Deadline 22-Jul-26 04:02 PM (New York time) Posted 09-Jul-26,UNDP,sierra leone,,,https://procurement-notices.undp.org/view_negotiation.cfm?nego_id=47433
2026-07-20,UNDP notices,Title Recrutement d’un (01) contrôleur à pied d’œuvre pour le suivi contrôle Ref No UNDP-BFA-00717 UNDP Office/Country UNDP-BFA/BURKINA FASO Process IC - Individual contractor Deadline 21-Jul-26 07:00 AM (New York time) ,UNDP,burkina faso,,,https://procurement-notices.undp.org/view_negotiation.cfm?nego_id=47427
2026-07-20,UNDP notices,Title Consultancy firm for a strategic communications and media partner Ref No UNDP-ETH-00756 UNDP Office/Country UNDP-ETH/ETHIOPIA Process RFP - Request for proposal Deadline 23-Jul-26 08:16 AM (New York time) Posted 09,UNDP,ethiopia,,,https://procurement-notices.undp.org/view_negotiation.cfm?nego_id=47430
2026-07-20,UNDP notices,Title Social and Environmental Safeguard Specialist Ref No UNDP-GNB-00371 UNDP Office/Country UNDP-GNB/GUINEA-BISSAU Process IC - Individual contractor Deadline 23-Jul-26 05:31 AM (New York time) Posted 09-Jul-26,UNDP,"guinea, guinea-bissau",,,https://procurement-notices.undp.org/view_negotiation.cfm?nego_id=47409
2026-07-20,UNDP notices,Title Introduction to Computer Basics for the Visually Impaired Training Ref No UNDP-MWI-00970 UNDP Office/Country UNDP-MWI/MALAWI Process RFQ - Request for quotation Deadline 22-Jul-26 02:15 PM (New York time) Posted 09,UNDP,malawi,,,https://procurement-notices.undp.org/view_negotiation.cfm?nego_id=47405
2026-07-20,UNDP notices,Title CONSULTANCY SERVICES FOR THE DESIGN AND SUPERVISION OF A BSC LEVEL 3 REF LAB Ref No UNDP-ZWE-01881 UNDP Office/Country UNDP-ZWE/ZIMBABWE Process RFP - Request for proposal Deadline 29-Jul-26 04:00 AM (New York time,UNDP,zimbabwe,,,https://procurement-notices.undp.org/view_negotiation.cfm?nego_id=47421
2026-07-20,UNDP notices,Title Firm to Develop the SDG Pipeline Builder Methodology for Resilient and Transitio Ref No UNDP-ZAF-00230 UNDP Office/Country UNDP-ZAF/SOUTH AFRICA Process RFP - Request for proposal Deadline 30-Jul-26 10:00 AM (New Y,UNDP,"south africa, africa",,,https://procurement-notices.undp.org/view_negotiation.cfm?nego_id=47370
2026-07-20,UNDP notices,Title Recrutemnt d'un cabinet international en charge de renforcer la capacité Ref No UNDP-BDI-00718 UNDP Office/Country UNDP-BDI/BURUNDI Process RFP - Request for proposal Deadline 27-Jul-26 09:00 AM (New York time) Pos,UNDP,burundi,,,https://procurement-notices.undp.org/view_negotiation.cfm?nego_id=47371
2026-07-20,UNDP notices,"Title Media Technical Training, Training of Trainers (ToT) and support to the design o Ref No UNDP-SOM-00674 UNDP Office/Country UNDP-SOM/SOMALIA Process RFP - Request for proposal Deadline 21-Jul-26 07:03 AM (New York t",UNDP,"mali, somalia",,,https://procurement-notices.undp.org/view_negotiation.cfm?nego_id=47376
2026-07-20,UNDP notices,Title UNDP-TCD-00935-Recrutement d’un cabinet pour réaliser l’étude de faisabilité Ref No UNDP-TCD-00935 UNDP Office/Country UNDP-TCD/CHAD Process RFP - Request for proposal Deadline 27-Jul-26 05:30 AM (New York time) Po,UNDP,chad,,,https://procurement-notices.undp.org/view_negotiation.cfm?nego_id=47378
2026-07-20,UNDP notices,Title Cohort-Level Marketing Support and Technical Market Readiness for the Honeybush Ref No UNDP-ZAF-00197-2 UNDP Office/Country UNDP-ZAF/SOUTH AFRICA Process RFP - Request for proposal Deadline 23-Jul-26 10:00 AM (New ,UNDP,"south africa, africa",,,https://procurement-notices.undp.org/view_negotiation.cfm?nego_id=47380
2026-07-20,UNDP notices,Title RECRUTEMENT OSC POUR LVG / REINSERTION ANOSY Ref No UNDP-MDG-00838 UNDP Office/Country UNDP-MDG/MADAGASCAR Process Deadline 22-Jul-26 04:59 PM (New York time) Posted 08-Jul-26,UNDP,madagascar,,,https://procurement-notices.undp.org/view_negotiation.cfm?nego_id=47383
2026-07-20,UNDP notices,Title RELANCE RECRUTEMENT D’UN CABINET D'AUDIT EXTERNE POUR LE COMPTE DU PUDC Ref No UNDP-SEN-00592 UNDP Office/Country UNDP-SEN/SENEGAL Process RFP - Request for proposal Deadline 27-Jul-26 06:00 AM (New York time) Post,UNDP,senegal,,,https://procurement-notices.undp.org/view_negotiation.cfm?nego_id=47390
2026-07-20,UNDP notices,"Title CONSTRUCTION OF NGWO COMMUNITY HALL IN NJIKWA NORTHWEST REGION, CAMEROON Ref No UNDP-CMR-00797,1 UNDP Office/Country UNDP-CMR/CAMEROON Process RFQ - Request for quotation Deadline 23-Jul-26 05:00 AM (New York time)",UNDP,cameroon,,,https://procurement-notices.undp.org/view_negotiation.cfm?nego_id=47394
2026-07-20,UNDP notices,Title Call for Proposals-Civil Society Organizations (CSOs) or NGOs Ref No UNDP-ETH-00754 UNDP Office/Country UNDP-ETH/ETHIOPIA Process Deadline 29-Jul-26 04:00 AM (New York time) Posted 08-Jul-26,UNDP,ethiopia,,,https://procurement-notices.undp.org/view_negotiation.cfm?nego_id=47385
2026-07-20,UNDP notices,Title Acquisition de matériels topographique/urbanisme Ref No UNDP-BFA-00722 UNDP Office/Country UNDP-BFA/BURKINA FASO Process RFQ - Request for quotation Deadline 29-Jul-26 10:00 AM (New York time) Posted 07-Jul-26,UNDP,burkina faso,,,https://procurement-notices.undp.org/view_negotiation.cfm?nego_id=47339
2026-07-20,UNDP notices,Title Recrutement de deux Organisations de la Société Civile (OSC) Ref No UNDP-BDI-00716 UNDP Office/Country UNDP-BDI/BURUNDI Process Deadline 21-Jul-26 09:00 AM (New York time) Posted 07-Jul-26,UNDP,burundi,,,https://procurement-notices.undp.org/view_negotiation.cfm?nego_id=47340
2026-07-20,UNDP notices,Title Acquisition des kits mobiles solaires pour les menages Ref No UNDP-DJI-00233 UNDP Office/Country UNDP-DJI/DJIBOUTI Process RFQ - Request for quotation Deadline 28-Jul-26 03:30 AM (New York time) Posted 07-Jul-26,UNDP,djibouti,,,https://procurement-notices.undp.org/view_negotiation.cfm?nego_id=47324
2026-07-20,UNDP notices,"Title Innovation Challenge - Supporting Service Sector SMEs - R3 Ref No UNDP-GEO-00456,1 UNDP Office/Country UNDP-GEO/GEORGIA Process RFP - Request for proposal Deadline 28-Jul-26 07:00 AM (New York time) Posted 07-Jul-2",UNDP,,,,https://procurement-notices.undp.org/view_negotiation.cfm?nego_id=47310
2026-07-20,UNDP notices,"Title ACQUISITION, LIVRAISON, INSTALLATION DE POTEAUX A BETIOKY Ref No UNDP-MDG-00835 UNDP Office/Country UNDP-MDG/MADAGASCAR Process RFQ - Request for quotation Deadline 22-Jul-26 05:14 AM (New York time) Posted 07-Jul-",UNDP,madagascar,,,https://procurement-notices.undp.org/view_negotiation.cfm?nego_id=47318
2026-07-20,UNDP notices,Title RECRUTEMENT D’UN CONSULTANT INDIVIDUEL  SPECIALISTE NATIONAL EN ORPAILLAGE Ref No UNDP-CIV-00469 UNDP Office/Country UNDP-CIV/COTE d'IVOIRE Process IC - Individual contractor Deadline 26-Jul-26 08:30 AM (New York t,UNDP,cote d'ivoire,,,https://procurement-notices.undp.org/view_negotiation.cfm?nego_id=47321
2026-07-20,UNDP notices,"Title UNDP-ZWE-01865 Carrier boxes Ref No UNDP-ZWE-01865,1 UNDP Office/Country UNDP-ZWE/ZIMBABWE Process RFQ - Request for quotation Deadline 22-Jul-26 10:15 AM (New York time) Posted 07-Jul-26",UNDP,zimbabwe,,,https://procurement-notices.undp.org/view_negotiation.cfm?nego_id=47329
2026-07-20,UNDP notices,Title RFP29/2026 : Recrutement d’un Organisme International d’Accréditation (Forensiqu Ref No UNDP-TUN-01068 UNDP Office/Country UNDP-TUN/TUNISIA Process RFP - Request for proposal Deadline 28-Jul-26 06:00 PM (New York t,UNDP,tunisia,,,https://procurement-notices.undp.org/view_negotiation.cfm?nego_id=47331
2026-07-20,UNDP notices,"Title Acquisition de matériels informatiques, audiovisuel et mobilier de bureau Ref No UNDP-BFA-00721 UNDP Office/Country UNDP-BFA/BURKINA FASO Process RFQ - Request for quotation Deadline 29-Jul-26 10:00 AM (New York ti",UNDP,burkina faso,,,https://procurement-notices.undp.org/view_negotiation.cfm?nego_id=47335
2026-07-20,UNDP notices,"Title Recrutement d’un bureau d’études en capacite de réaliser les études de faisabili Ref No UNDP-BFA-00723,1 UNDP Office/Country UNDP-BFA/BURKINA FASO Process RFP - Request for proposal Deadline 29-Jul-26 12:00 PM (New",UNDP,burkina faso,,,https://procurement-notices.undp.org/view_negotiation.cfm?nego_id=47336
2026-07-20,UNDP notices,Title INSTITUTION FINANCIERE POUR LA FOURNITURE DE SERVICES FINANCIER-EWASME Ref No UNDP-NER-00651 UNDP Office/Country UNDP-NER/NIGER Process RFP - Request for proposal Deadline 29-Jul-26 08:00 AM (New York time) Posted ,UNDP,niger,,,https://procurement-notices.undp.org/view_negotiation.cfm?nego_id=47337
2026-07-20,UNDP notices,"Title Recrutement d’un Cabinet pour la réalisation des études techniques intégrées, l’ Ref No UNDP-BFA-00724 UNDP Office/Country UNDP-BFA/BURKINA FASO Process RFP - Request for proposal Deadline 29-Jul-26 12:00 PM (New Y",UNDP,burkina faso,,,https://procurement-notices.undp.org/view_negotiation.cfm?nego_id=47344
2026-07-20,UNDP notices,"Title Kerewan Area council to Construct a box type composting system in Kerewan (NRB). Ref No UNDP-GMB-00601,1 UNDP Office/Country UNDP-GMB/GAMBIA Process RFQ - Request for quotation Deadline 14-Aug-26 10:00 AM (New York",UNDP,gambia,,,https://procurement-notices.undp.org/view_negotiation.cfm?nego_id=47352
2026-07-20,UNDP notices,Title IC For Pfhrfp-2 deletion country survey rapid assessment and protocol developmen Ref No UNDP-ZWE-01856 UNDP Office/Country UNDP-ZWE/ZIMBABWE Process IC - Individual contractor Deadline 29-Jul-26 07:52 AM (New York ,UNDP,zimbabwe,,,https://procurement-notices.undp.org/view_negotiation.cfm?nego_id=47347
2026-07-20,UNDP notices,Title Consultant as UN Clinic Nurse Abuja - Two Position Retainer Ref No UNDP-NGA-01434 UNDP Office/Country UNDP-NGA/NIGERIA Process IC - Individual contractor Deadline 20-Jul-26 06:59 PM (New York time) Posted 07-Jul-26,UNDP,"niger, nigeria",,,https://procurement-notices.undp.org/view_negotiation.cfm?nego_id=47333
2026-07-20,UNDP notices,"Title Provision of Integrated Entrepreneurship, Skills Development, Digital Platforms, Ref No UNDP-SOM-00669,1 UNDP Office/Country UNDP-SOM/SOMALIA Process RFP - Request for proposal Deadline 23-Jul-26 02:00 AM (New York",UNDP,"mali, somalia",,,https://procurement-notices.undp.org/view_negotiation.cfm?nego_id=47273
2026-07-20,UNDP notices,Title Assessment and Evaluation of the Implementation and Progress of the Third Nation Ref No UNDP-JOR-00686 UNDP Office/Country UNDP-JOR/JORDAN Process IC - Individual contractor Deadline 26-Jul-26 05:00 AM (New York ti,UNDP,,,,https://procurement-notices.undp.org/view_negotiation.cfm?nego_id=47274
2026-07-20,UNDP notices,Title Supply of ground water equipment Ref No UNDP-UGA-00555 UNDP Office/Country UNDP-UGA/UGANDA Process ITB - Invitation to bid Deadline 20-Jul-26 11:00 AM (New York time) Posted 06-Jul-26,UNDP,uganda,,,https://procurement-notices.undp.org/view_negotiation.cfm?nego_id=47282
2026-07-20,UNDP notices,Title International Legal Policy Consultant Ref No UNDP-PNG-00190 UNDP Office/Country UNDP-PNG/PAPUA NEW GUINEA Process IC - Individual contractor Deadline 22-Jul-26 03:00 AM (New York time) Posted 06-Jul-26,UNDP,guinea,,,https://procurement-notices.undp.org/view_negotiation.cfm?nego_id=47283
2026-07-20,UNDP notices,Title International Natural Capital Accounting (NCA) Consultant Ref No UNDP-PNG-00191 UNDP Office/Country UNDP-PNG/PAPUA NEW GUINEA Process IC - Individual contractor Deadline 28-Jul-26 03:00 AM (New York time) Posted 06,UNDP,guinea,,,https://procurement-notices.undp.org/view_negotiation.cfm?nego_id=47284
2026-07-20,UNDP notices,Title National GIS Database Consultant Ref No UNDP-PNG-00189 UNDP Office/Country UNDP-PNG/PAPUA NEW GUINEA Process IC - Individual contractor Deadline 23-Jul-26 03:00 AM (New York time) Posted 06-Jul-26,UNDP,guinea,,,https://procurement-notices.undp.org/view_negotiation.cfm?nego_id=47287
2026-07-20,UNDP notices,"Title Système National intégré de pilotage, de Suivi, Monitoring et Reporting - SNSMR Ref No UNDP-MAR-00556 UNDP Office/Country UNDP-MAR/MOROCCO Process RFP - Request for proposal Deadline 20-Jul-26 01:00 PM (New York ti",UNDP,morocco,,,https://procurement-notices.undp.org/view_negotiation.cfm?nego_id=47291
2026-07-20,UNDP notices,Title Individual Consultant for National Communication and Graphic Design Services Ref No UNDP-SSD-00737 UNDP Office/Country UNDP-SSD/SOUTH SUDAN Process IC - Individual contractor Deadline 24-Jul-26 07:31 AM (New York t,UNDP,"south sudan, sudan",,,https://procurement-notices.undp.org/view_negotiation.cfm?nego_id=47293
2026-07-20,UNDP notices,Title IC animation d’ateliers de simulation sur l’opérationnalisation des outils Ref No UNDP-TUN-01065 UNDP Office/Country UNDP-TUN/TUNISIA Process IC - Individual contractor Deadline 24-Jul-26 06:59 PM (New York time) P,UNDP,tunisia,,,https://procurement-notices.undp.org/view_negotiation.cfm?nego_id=47295
2026-07-20,UNDP notices,Title National Consultancy Company to Design and Deliver Gender-Responsive  Justice Ref No UNDP-GNB-00369 UNDP Office/Country UNDP-GNB/GUINEA-BISSAU Process RFP - Request for proposal Deadline 27-Jul-26 01:34 PM (New Yor,UNDP,"guinea, guinea-bissau",,,https://procurement-notices.undp.org/view_negotiation.cfm?nego_id=47300
2026-07-20,UNDP notices,"Title Assessment and Evaluation of the Implementation and Progress of the Third Nation Ref No UNDP-JOR-00685,1 UNDP Office/Country UNDP-JOR/JORDAN Process IC - Individual contractor Deadline 26-Jul-26 05:00 AM (New York ",UNDP,,,,https://procurement-notices.undp.org/view_negotiation.cfm?nego_id=47276
2026-07-20,UNDP notices,"Title Construction of the Special Prosecutor’s Office Ref No UNDP-GMB-00588,2 UNDP Office/Country UNDP-GMB/GAMBIA Process ITB - Invitation to bid Deadline 30-Jul-26 09:00 AM (New York time) Posted 03-Jul-26",UNDP,gambia,,,https://procurement-notices.undp.org/view_negotiation.cfm?nego_id=47233
2026-07-20,UNDP notices,Title Mission sur la Contribution du Fonds de Transition Énergétique Ref No UNDP-TUN-01062 UNDP Office/Country UNDP-TUN/TUNISIA Process RFP - Request for proposal Deadline 30-Jul-26 06:59 PM (New York time) Posted 03-Jul,UNDP,tunisia,,,https://procurement-notices.undp.org/view_negotiation.cfm?nego_id=47238
2026-07-20,UNDP notices,"Title Construction of University Innovation Pod at UNESWA Ref No UNDP-SWZ-00253,1 UNDP Office/Country UNDP-SWZ/SWAZILAND Process ITB - Invitation to bid Deadline 20-Jul-26 10:59 AM (New York time) Posted 03-Jul-26",UNDP,,,,https://procurement-notices.undp.org/view_negotiation.cfm?nego_id=47241
2026-07-20,UNDP notices,Title IC - Agricultural Engineering Specialist (Agricultural Engineer) Ref No UNCDF-00659 UNDP Office/Country UNCDF/SIERRA LEONE Process IC - Individual contractor Deadline 24-Jul-26 11:59 PM (New York time) Posted 02-Ju,UNDP,sierra leone,,,https://procurement-notices.undp.org/view_negotiation.cfm?nego_id=47203
2026-07-20,UNDP notices,Title Recrutement de deux consultant(e)s nationaux/ales (1 principal et 1 Associé) en Ref No UNDP-BEN-00246 UNDP Office/Country UNDP-BEN/BENIN Process IC - Individual contractor Deadline 22-Jul-26 02:30 PM (New York time,UNDP,benin,,,https://procurement-notices.undp.org/view_negotiation.cfm?nego_id=47204
2026-07-20,UNDP notices,Title Purchase of UCHI Tyres Ref No UNDP-MWI-00965 UNDP Office/Country UNDP-MWI/MALAWI Process RFQ - Request for quotation Deadline 21-Jul-26 10:44 PM (New York time) Posted 02-Jul-26,UNDP,malawi,,,https://procurement-notices.undp.org/view_negotiation.cfm?nego_id=47172
2026-07-20,UNDP notices,"Title TRAVAUX DE CONSTRUCTION DU GUICHET  UNIQUE À NIAMEY (CUN1) Ref No UNDP-NER-00650,1 UNDP Office/Country UNDP-NER/NIGER Process ITB - Invitation to bid Deadline 24-Jul-26 08:00 PM (New York time) Posted 02-Jul-26",UNDP,niger,,,https://procurement-notices.undp.org/view_negotiation.cfm?nego_id=47181
2026-07-20,UNDP notices,"Title Supply, Installation of net-metering and Advanced net metering Solar Equipment Ref No UNDP-ZWE-01868 UNDP Office/Country UNDP-ZWE/ZIMBABWE Process RFQ - Request for quotation Deadline 27-Jul-26 03:30 AM (New York t",UNDP,zimbabwe,,,https://procurement-notices.undp.org/view_negotiation.cfm?nego_id=47184
2026-07-20,UNDP notices,Title Development of Investment-Ready Climate Adaptation Concept Notes and Climate Fin Ref No UNDP-GNB-00361 UNDP Office/Country UNDP-GNB/GUINEA-BISSAU Process RFP - Request for proposal Deadline 23-Jul-26 08:42 AM (New ,UNDP,"guinea, guinea-bissau",,,https://procurement-notices.undp.org/view_negotiation.cfm?nego_id=47187
2026-07-20,UNDP notices,Title Warehousing Services for HIV Prevention Commodities National AIDS Program (NAP) Ref No UNDP-EGY-00828 UNDP Office/Country UNDP-EGY/EGYPT Process RFQ - Request for quotation Deadline 23-Jul-26 07:00 AM (New York tim,UNDP,egypt,,,https://procurement-notices.undp.org/view_negotiation.cfm?nego_id=47188
2026-07-20,UNDP notices,Title RFQ- Compacteur hydraulique vertical solaire Ref No UNDP-DJI-00235 UNDP Office/Country UNDP-DJI/DJIBOUTI Process RFQ - Request for quotation Deadline 21-Jul-26 04:00 AM (New York time) Posted 01-Jul-26,UNDP,djibouti,,,https://procurement-notices.undp.org/view_negotiation.cfm?nego_id=47148
2026-07-20,UNDP notices,"Title RFQ31/2026 :  Acquisition, installation, mise en service, maintenance et exploit Ref No UNDP-TUN-01060 UNDP Office/Country UNDP-TUN/TUNISIA Process RFQ - Request for quotation Deadline 27-Jul-26 06:00 PM (New York ",UNDP,tunisia,,,https://procurement-notices.undp.org/view_negotiation.cfm?nego_id=47151
2026-07-20,UNDP notices,Title Elaboración del Informe Nacional sobre Competitividad Multisectorial Ref No UNDP-GNQ-00165-2 UNDP Office/Country UNDP-GNQ/EQUATORIAL GUINEA Process IC - Individual contractor Deadline 22-Jul-26 07:00 PM (New York t,UNDP,"equatorial guinea, guinea",,,https://procurement-notices.undp.org/view_negotiation.cfm?nego_id=47155
2026-07-20,UNDP notices,Title RFQ28/2026 :Acquisition Camion avec benne pour l'unité de biométhanisation de dj Ref No UNDP-TUN-01058 UNDP Office/Country UNDP-TUN/TUNISIA Process RFQ - Request for quotation Deadline 22-Jul-26 06:00 PM (New York ,UNDP,tunisia,,,https://procurement-notices.undp.org/view_negotiation.cfm?nego_id=47156
2026-07-20,UNDP notices,Title RFI RECRUTEMENT OSC POUR ASSISTANCE JURIDIQUE / GOUVERNANCE Ref No UNDP-SEN-00600 UNDP Office/Country UNDP-SEN/SENEGAL Process Deadline 24-Jul-26 11:59 PM (New York time) Posted 01-Jul-26,UNDP,senegal,,,https://procurement-notices.undp.org/view_negotiation.cfm?nego_id=47157
2026-07-20,UNDP notices,Title Consultant.e international. e pour la rédaction d’un document de projet Ref No UNDP-CIV-00465 UNDP Office/Country UNDP-CIV/COTE d'IVOIRE Process IC - Individual contractor Deadline 22-Jul-26 01:00 PM (New York time,UNDP,cote d'ivoire,,,https://procurement-notices.undp.org/view_negotiation.cfm?nego_id=47124
2026-07-20,UNDP notices,Title International Consultancy Firm for The Development of Eswatini’s LT-LEDS Ref No UNDP-SWZ-00252 UNDP Office/Country UNDP-SWZ/SWAZILAND Process RFP - Request for proposal Deadline 23-Jul-26 09:39 AM (New York time) P,UNDP,eswatini,,,https://procurement-notices.undp.org/view_negotiation.cfm?nego_id=47107
2026-07-20,UNDP notices,Title APPEL A PROJETS 2026 : PROGRAMME DE MICROFINANCEMENTS  DU FONDS POUR L’ENVIRONNEMENT MONDIAL (PMF/FEM) - TOGO Ref No 98863 UNDP Office/Country UNDP Country Office/TOGO Process Other Deadline 14-Aug-26 Posted 29-Jun,UNDP,togo,,,https://procurement-notices.undp.org/view_notice.cfm?notice_id=98863
2026-07-20,UNDP notices,"Title ÉLABORATION ET LE DÉPLOIEMENT D’UN PLAN DE RENFOR. DES CAPACITÉS FIDUCIAIRES Ref No UNDP-COD-01266,2 UNDP Office/Country UNDP-COD/CONGO, DEM. REPUBLIC Process RFP - Request for proposal Deadline 24-Jul-26 08:13 AM ",UNDP,congo,,,https://procurement-notices.undp.org/view_negotiation.cfm?nego_id=47077
2026-07-20,UNDP notices,"Title ITB - CONSTRUCTION OF IRRIGATION SCHEMES IN ZAMBIA Ref No UNDP-ZMB-00575,1 UNDP Office/Country UNDP-ZMB/ZAMBIA Process ITB - Invitation to bid Deadline 27-Jul-26 10:04 AM (New York time) Posted 29-Jun-26",UNDP,zambia,,,https://procurement-notices.undp.org/view_negotiation.cfm?nego_id=47058
2026-07-20,UNDP notices,"Title Supply, Delivery, Installation, Commissioning, and Training of Forensic Anthropo Ref No UNDP-LBY-00668 UNDP Office/Country UNDP-LBY/LIBYA Process RFQ - Request for quotation Deadline 21-Jul-26 06:00 AM (New York ti",UNDP,libya,,,https://procurement-notices.undp.org/view_negotiation.cfm?nego_id=47059
2026-07-20,UNDP notices,Title National Climate Adaptation and Stakeholder Engagement Consultant Ref No UNDP-GNB-00360 UNDP Office/Country UNDP-GNB/GUINEA-BISSAU Process IC - Individual contractor Deadline 20-Jul-26 01:14 PM (New York time) Post,UNDP,"guinea, guinea-bissau",,,https://procurement-notices.undp.org/view_negotiation.cfm?nego_id=47070
2026-07-20,UNDP notices,Title Technical support for Live Debate Series on Lead Africa project developmental to Ref No UNDP-ZAF-00224 UNDP Office/Country UNDP-ZAF/SOUTH AFRICA Process RFP - Request for proposal Deadline 24-Jul-26 07:00 AM (New Y,UNDP,"south africa, africa",,,https://procurement-notices.undp.org/view_negotiation.cfm?nego_id=47072
2026-07-20,UNDP notices,"Title EOI Obras complementarias Estadio Doroteo Guamuch Flores (UA 3642/26) Ref No UNDP-GTM-00270,1 UNDP Office/Country UNDP-GTM/GUATEMALA Process Deadline 21-Jul-26 07:00 PM (New York time) Posted 29-Jun-26",UNDP,,,,https://procurement-notices.undp.org/view_negotiation.cfm?nego_id=47075
2026-07-20,UNDP notices,Title Recruitment of a Service Provider to Implement a Business Acceleration Programme Ref No UNDP-DJI-00234 UNDP Office/Country UNDP-DJI/DJIBOUTI Process RFP - Request for proposal Deadline 26-Jul-26 03:00 AM (New York ,UNDP,djibouti,,,https://procurement-notices.undp.org/view_negotiation.cfm?nego_id=47042
2026-07-20,UNDP notices,Title ONG chargée de l’élaboration de la stratégie nationale du programme de financeme Ref No UNDP-COG-00213 UNDP Office/Country UNDP-COG/CONGO Process Deadline 27-Jul-26 05:05 PM (New York time) Posted 29-Jun-26,UNDP,congo,,,https://procurement-notices.undp.org/view_negotiation.cfm?nego_id=47045
2026-07-20,UNDP notices,Title Support 15 START Agribusinesses to Meet National and International Standards Ref No UNCDF-00657 UNDP Office/Country UNCDF/UGANDA Process RFP - Request for proposal Deadline 24-Jul-26 11:00 AM (New York time) Posted,UNDP,uganda,,,https://procurement-notices.undp.org/view_negotiation.cfm?nego_id=47012
2026-07-20,UNDP notices,Title TRAVAUX D’AMENAGEMENT DES ESPACES TECHNOLOGIQUES ET DE L’ESPACE PME Ref No UNDP-GAB-00546 UNDP Office/Country UNDP-GAB/GABON Process RFQ - Request for quotation Deadline 22-Jul-26 07:00 AM (New York time) Posted 26,UNDP,gabon,,,https://procurement-notices.undp.org/view_negotiation.cfm?nego_id=47024
2026-07-20,UNDP notices,Title Inclusive Mining Governance and Regulatory Systems Specialist Ref No UNDP-GHA-00532 UNDP Office/Country UNDP-GHA/GHANA Process IC - Individual contractor Deadline 23-Jul-26 12:30 PM (New York time) Posted 25-Jun-26,UNDP,ghana,,,https://procurement-notices.undp.org/view_negotiation.cfm?nego_id=46973
2026-07-20,UNDP notices,Title RFP- Climate Risk and Vulnerability Assessment (CRVA) Ref No UNDP-DJI-00237 UNDP Office/Country UNDP-DJI/DJIBOUTI Process RFP - Request for proposal Deadline 26-Jul-26 04:30 AM (New York time) Posted 25-Jun-26,UNDP,djibouti,,,https://procurement-notices.undp.org/view_negotiation.cfm?nego_id=46958
2026-07-20,UNDP notices,"Title National – Fanga‘uta Stewardship Plan -Evaluation Consultant (Tonga) Ref No UNDP-FJI-00788,1 UNDP Office/Country UNDP-FJI/TONGA Process IC - Individual contractor Deadline 23-Jul-26 01:30 AM (New York time) Posted ",UNDP,,,,https://procurement-notices.undp.org/view_negotiation.cfm?nego_id=46910
2026-07-20,UNDP notices,Title Recrutement d’un.e spécialiste national.e en capitalisation  - AIMWELL Ref No UNDP-DZA-00289 UNDP Office/Country UNDP-DZA/ALGERIA Process IC - Individual contractor Deadline 22-Jul-26 11:59 PM (New York time) Poste,UNDP,algeria,,,https://procurement-notices.undp.org/view_negotiation.cfm?nego_id=46931
2026-07-20,UNDP notices,Title Consultant national pour la mise en place d’un système d’information a la DGEAE Ref No UNDP-TGO-00346 UNDP Office/Country UNDP-TGO/TOGO Process IC - Individual contractor Deadline 24-Jul-26 06:00 AM (New York time),UNDP,togo,,,https://procurement-notices.undp.org/view_negotiation.cfm?nego_id=46941
2026-07-20,UNDP notices,Title RFP -CONSULTING FIRM TO SUPPORT THE DEVELOPMENT OF SIERRA LEONE NHDR REPORT Ref No UNDP-SLE-00303 UNDP Office/Country UNDP-SLE/SIERRA LEONE Process RFP - Request for proposal Deadline 21-Jul-26 11:59 PM (New York t,UNDP,sierra leone,,,https://procurement-notices.undp.org/view_negotiation.cfm?nego_id=46951
2026-07-20,UNDP notices,"Title Works (including borehole drilling and drip irrigation) to establish 3 VBUs Ref No UNDP-ZWE-01824,1 UNDP Office/Country UNDP-ZWE/ZIMBABWE Process ITB - Invitation to bid Deadline 21-Jul-26 09:30 AM (New York time) ",UNDP,zimbabwe,,,https://procurement-notices.undp.org/view_negotiation.cfm?nego_id=46874
2026-07-20,UNDP notices,Title La revue du Manuel de prévention combinée auprès des populations clés et mobiles Ref No UNDP-DZA-00288 UNDP Office/Country UNDP-DZA/ALGERIA Process IC - Individual contractor Deadline 22-Jul-26 11:30 AM (New York t,UNDP,algeria,,,https://procurement-notices.undp.org/view_negotiation.cfm?nego_id=46892
2026-07-20,UNDP notices,"Title INCL - IC apoyo de servicios de atención territorial habitantes calle Vichada Ref No UNDP-COL-03314,1 UNDP Office/Country UNDP-COL/COLOMBIA Process IC - Individual contractor Deadline 21-Jul-26 10:30 PM (New York t",UNDP,chad,,,https://procurement-notices.undp.org/view_negotiation.cfm?nego_id=46843
2026-07-20,UNDP notices,"Title CCTV and Biometric Access controls Ref No UNDP-ZWE-01825,2 UNDP Office/Country UNDP-ZWE/ZIMBABWE Process ITB - Invitation to bid Deadline 22-Jul-26 10:00 AM (New York time) Posted 22-Jun-26",UNDP,zimbabwe,,,https://procurement-notices.undp.org/view_negotiation.cfm?nego_id=46819
2026-07-20,UNDP notices,Title Collaborative Innovation Country Delivery Partner - C3 Country Lab Kenya Ref No UNDP-KEN-00713 UNDP Office/Country UNDP-KEN/KENYA Process RFP - Request for proposal Deadline 27-Jul-26 03:00 AM (New York time) Poste,UNDP,kenya,,,https://procurement-notices.undp.org/view_negotiation.cfm?nego_id=46824
2026-07-20,UNDP notices,Title UNDP-MDG-00834 RECRUTEMENT D’UN CABINET POUR L’ETUDE ENDLINE DU PROJET LANDJA Ref No UNDP-MDG-00834 UNDP Office/Country UNDP-MDG/MADAGASCAR Process RFP - Request for proposal Deadline 24-Jul-26 10:00 AM (New York t,UNDP,madagascar,,,https://procurement-notices.undp.org/view_negotiation.cfm?nego_id=46778
2026-07-20,UNDP notices,"Title Formation des prestataires de santé au counseling VIH en Algérie Ref No UNDP-DZA-00287,2 UNDP Office/Country UNDP-DZA/ALGERIA Process IC - Individual contractor Deadline 22-Jul-26 11:30 AM (New York time) Posted 18",UNDP,algeria,,,https://procurement-notices.undp.org/view_negotiation.cfm?nego_id=46735
2026-07-20,UNDP notices,"Title IC Evaluation qualitative du dépistage communautaire VIH, la mise en place d’un Ref No UNDP-TUN-01051 UNDP Office/Country UNDP-TUN/TUNISIA Process IC - Individual contractor Deadline 27-Jul-26 06:00 PM (New York ti",UNDP,tunisia,,,https://procurement-notices.undp.org/view_negotiation.cfm?nego_id=46737
2026-07-20,UNDP notices,"Title Accord à Long terme pour les services de fourniture de connexion internet Ref No UNDP-GIN-00538,1 UNDP Office/Country UNDP-GIN/GUINEA Process ITB - Invitation to bid Deadline 21-Jul-26 06:00 AM (New York time) Post",UNDP,guinea,,,https://procurement-notices.undp.org/view_negotiation.cfm?nego_id=46673
2026-07-20,UNDP notices,Title Servicios de Mantenimiento para Dos Ascensores en el Edificio ONU en Malabo Ref No UNDP-GNQ-00175 UNDP Office/Country UNDP-GNQ/EQUATORIAL GUINEA Process RFP - Request for proposal Deadline 26-Jul-26 07:00 PM (New Y,UNDP,"equatorial guinea, guinea",,,https://procurement-notices.undp.org/view_negotiation.cfm?nego_id=46596
2026-07-20,UNDP notices,"Title SUPPLY, INSTALLATION AND COMMISSIONING OF CORAL NURSERY SYSTEMS AT MOI AND AFRC Ref No UNDP-MUS-00222 UNDP Office/Country UNDP-MUS/MAURITIUS Process ITB - Invitation to bid Deadline 27-Jul-26 09:00 AM (New York tim",UNDP,mauritius,,,https://procurement-notices.undp.org/view_negotiation.cfm?nego_id=46457
2026-07-20,UNDP notices,"Title Procurement of works for the setting up of Land Based Coral Nursery Facility Ref No UNDP-MUS-00221,1 UNDP Office/Country UNDP-MUS/MAURITIUS Process ITB - Invitation to bid Deadline 30-Jul-26 09:00 AM (New York time",UNDP,mauritius,,,https://procurement-notices.undp.org/view_negotiation.cfm?nego_id=46399
2026-07-20,UNDP notices,Title Recrutement d’un.e d’un.e spécialiste national.e des ODD - AIMWELL Ref No UNDP-DZA-00284 UNDP Office/Country UNDP-DZA/ALGERIA Process IC - Individual contractor Deadline 22-Jul-26 11:59 PM (New York time) Posted 09,UNDP,algeria,,,https://procurement-notices.undp.org/view_negotiation.cfm?nego_id=46374
2026-07-20,UNDP notices,"Title APPEL A MANIFESTATION D’INTERET SELECTION DE PARTENAIRES D_EXECUTION Ref No UNDP-CIV-00459,1 UNDP Office/Country UNDP-CIV/COTE d'IVOIRE Process Deadline 22-Jul-26 01:00 PM (New York time) Posted 08-Jun-26",UNDP,cote d'ivoire,,,https://procurement-notices.undp.org/view_negotiation.cfm?nego_id=46319
2026-07-20,UNDP notices,Title Consultancy-Development of Guidelines and Processes & Provide Capacity Building Ref No UNDP-WSM-00237 UNDP Office/Country UNDP-WSM/SAMOA Process IC - Individual contractor Deadline 07-Aug-26 09:59 AM (New York time,UNDP,,,,https://procurement-notices.undp.org/view_negotiation.cfm?nego_id=46175
2026-07-20,UNDP notices,Title Koronadal City - EU-PH 2026 Circular Solutions Innovation Challenge Ref No UNDP-PHL-00955 UNDP Office/Country UNDP-PHL/PHILIPPINES Process RFP - Request for proposal Deadline 07-Aug-26 06:00 AM (New York time) Post,UNDP,,,,https://procurement-notices.undp.org/view_negotiation.cfm?nego_id=46069
2026-07-20,UNDP notices,Title Isabela City - EU-PH 2026 Circular Solutions Innovation Challenge Ref No UNDP-PHL-00953 UNDP Office/Country UNDP-PHL/PHILIPPINES Process RFP - Request for proposal Deadline 07-Aug-26 06:00 AM (New York time) Posted,UNDP,,,,https://procurement-notices.undp.org/view_negotiation.cfm?nego_id=46070
2026-07-20,UNDP notices,Title Maasin City - EU-PH 2026 Circular Solutions Innovation Challenge Ref No UNDP-PHL-00952 UNDP Office/Country UNDP-PHL/PHILIPPINES Process RFP - Request for proposal Deadline 07-Aug-26 06:00 AM (New York time) Posted ,UNDP,,,,https://procurement-notices.undp.org/view_negotiation.cfm?nego_id=46071
2026-07-20,UNDP notices,Title Cagayan de Oro City - EU-PH 2026 Circular Solutions Innovation Challenge Ref No UNDP-PHL-00954 UNDP Office/Country UNDP-PHL/PHILIPPINES Process RFP - Request for proposal Deadline 07-Aug-26 06:00 AM (New York time),UNDP,,,,https://procurement-notices.undp.org/view_negotiation.cfm?nego_id=46072
2026-07-20,UNDP notices,Title Sorsogon City - EU-PH 2026 Circular Solutions Innovation Challenge Ref No UNDP-PHL-00951 UNDP Office/Country UNDP-PHL/PHILIPPINES Process RFP - Request for proposal Deadline 07-Aug-26 06:00 AM (New York time) Poste,UNDP,,,,https://procurement-notices.undp.org/view_negotiation.cfm?nego_id=46073
2026-07-20,UNDP notices,Title Bacoor City - EU-PH 2026 Circular Solutions Innovation Challenge Ref No UNDP-PHL-00950 UNDP Office/Country UNDP-PHL/PHILIPPINES Process RFP - Request for proposal Deadline 07-Aug-26 06:00 AM (New York time) Posted ,UNDP,,,,https://procurement-notices.undp.org/view_negotiation.cfm?nego_id=46075
2026-07-20,UNDP notices,Title San Jose del Monte City - EU-PH 2026 Circular Solutions Innovation Challenge Ref No UNDP-PHL-00949 UNDP Office/Country UNDP-PHL/PHILIPPINES Process RFP - Request for proposal Deadline 07-Aug-26 06:00 AM (New York t,UNDP,,,,https://procurement-notices.undp.org/view_negotiation.cfm?nego_id=46076
2026-07-20,UNDP notices,Title Cotabato City - EU-PH 2026 Circular Solutions Innovation Challenge Ref No UNDP-PHL-00956 UNDP Office/Country UNDP-PHL/PHILIPPINES Process RFP - Request for proposal Deadline 07-Aug-26 06:00 AM (New York time) Poste,UNDP,,,,https://procurement-notices.undp.org/view_negotiation.cfm?nego_id=46078
2026-07-20,UNDP notices,Title Ilagan City - EU-PH 2026 Circular Solutions Innovation Challenge Ref No UNDP-PHL-00948 UNDP Office/Country UNDP-PHL/PHILIPPINES Process RFP - Request for proposal Deadline 07-Aug-26 06:00 AM (New York time) Posted ,UNDP,,,,https://procurement-notices.undp.org/view_negotiation.cfm?nego_id=46079
2026-07-20,UNDP notices,Title San Carlos City - EU-PH 2026 Circular Solutions Innovation Challenge Ref No UNDP-PHL-00944 UNDP Office/Country UNDP-PHL/PHILIPPINES Process RFP - Request for proposal Deadline 07-Aug-26 06:00 AM (New York time) Pos,UNDP,,,,https://procurement-notices.undp.org/view_negotiation.cfm?nego_id=46100
2026-07-20,UNDP notices,Title Appel à candidature : Comité d’investiture pour l’Opérationnalisation de Youth for Climate Mali (Y4CM) Ref No 98807 UNDP Office/Country Mali/MALI Process Innovation Challenge Deadline 04-Nov-26 Posted 31-Mar-26,UNDP,mali,,,https://procurement-notices.undp.org/view_notice.cfm?notice_id=98807
2026-07-20,UNDP notices,"Title LTA for Hotel Accommodation & Conferencing Services Ref No UNDP-UGA-00521,1 UNDP Office/Country UNDP-UGA/UGANDA Process RFQ - Request for quotation Deadline 31-Jul-26 10:00 AM (New York time) Posted 11-Feb-26",UNDP,uganda,,,https://procurement-notices.undp.org/view_negotiation.cfm?nego_id=42784
2026-07-20,UNDP notices,"Title LTA-FOR CLEANING, GARDENING AND RELATED SERVICES Ref No UNDP-ZMB-00483 UNDP Office/Country UNDP-ZMB/ZAMBIA Process Deadline 05-Oct-26 11:00 AM (New York time) Posted 02-Sep-25",UNDP,zambia,,,https://procurement-notices.undp.org/view_negotiation.cfm?nego_id=37847
2026-07-20,UNDP notices,Title LTA for 2 Years for General Building Maintenance Services Ref No UNDP-ZMB-00265 UNDP Office/Country UNDP-ZMB/ZAMBIA Process RFP - Request for proposal Deadline 25-Jun-52 11:00 AM (New York time) Posted 29-May-24,UNDP,zambia,,,https://procurement-notices.undp.org/view_negotiation.cfm?nego_id=20383
2026-07-20,UNDP notices,"Title COMMENT S'ENREGISTRER,TROUVER DES OFFRES ET SOUMETTRE UNE OFFRE DANS QUANTUM Ref No 97928 UNDP Office/Country Côte d’Ivoire/COTE d'IVOIRE Process EOI - Expression of interest Deadline 31-Dec-27 Posted 29-Jul-23",UNDP,cote d'ivoire,,,https://procurement-notices.undp.org/view_notice.cfm?notice_id=97928
2026-07-20,UNDP notices,Title Supplier profile change request - Editing your profile Ref No 97681 UNDP Office/Country UNDP Country Office/LIBYA Process Other Deadline 31-Dec-26 Posted 13-Apr-23,UNDP,libya,,,https://procurement-notices.undp.org/view_notice.cfm?notice_id=97681
2026-07-20,UNDP notices,Title Webinar for Suppliers - new eTendering system called “Quantum Supplier Portal” Ref No 96572 UNDP Office/Country UNDP Country Office/LIBYA Process Other Deadline 31-Dec-26 Posted 24-Oct-22,UNDP,libya,,,https://procurement-notices.undp.org/view_notice.cfm?notice_id=96572
2026-07-20,UNDP notices,Title Demande de prix la fourniture des équipements dans le cadre du renforcement de la sécurité frontalière à l’aéroport International de Bangui-Mpoko Ref No 91568 UNDP Office/Country République Centrafricaine/CENTRAL A,UNDP,"central african republic, africa, african",,,https://procurement-notices.undp.org/view_notice.cfm?notice_id=91568
2026-07-20,UNDP notices,Title Consultancy for the UNV-DFS Field Evaluation Ref No 4991 UNDP Office/Country UNV Bonn/ Process EOI - Expression of interest Deadline 10-Mar-29 Posted 04-Mar-10,UNDP,,,,https://procurement-notices.undp.org/view_notice.cfm?notice_id=4991
2026-07-20,WB procnotices API,AFR RI Agricultural Productivity Program for Southern Africa (APPSA),World Bank project,"malawi, mozambique, africa",,,https://projects.worldbank.org/en/projects-operations/procurement
2026-07-20,GIZ tenders,GIZ Cameroon: Results and evaluation,GIZ,Cameroon,,,https://www.giz.de/en/about-us/results-evaluation
2026-07-20,GIZ tenders,GIZ Cameroon: Thematic and strategic evaluations,GIZ,Cameroon,,,https://www.giz.de/en/about-us/results-evaluation/overarching-evaluations
2026-07-20,GIZ tenders,GIZ Cameroon: Evaluation Report 2024 – Energy for Development,GIZ,Cameroon,,,https://www.giz.de/en/about-us/results-evaluation/evaluation-report-2024-energy-development
2026-07-21,Terra Viva Grants,Ford Philanthropy — Ford Philanthropy Fellowship,,,,,https://www.terravivagrants.org/ford-philanthropy-fellowship/
2026-07-21,Terra Viva Grants,Wellcome Trust — Career Development Awards,,,,,https://www.terravivagrants.org/career-development-awards/
2026-07-21,Terra Viva Grants,Global Environment Facility — Small Grants Program,,,,,https://www.terravivagrants.org/gef-small-grants-program/
2026-07-21,Terra Viva Grants,Lipman Family Prize — Funding for Social Change,,,,,https://www.terravivagrants.org/lipman-family-prize-funding-for-social-change/
2026-07-21,Terra Viva Grants,UNESCO — Nomadic Culture of Central Asia Photo Contest,,,,,https://www.terravivagrants.org/central-asia-photo-contest/
2026-07-21,Terra Viva Grants,Thomson Foundation — Young Journalist Award 2026,,,,,https://www.terravivagrants.org/young-journalist-award/
2026-07-21,Terra Viva Grants,Purpose Earth — Grants and Mentorship,,,30 August 2026,,https://www.terravivagrants.org/purpose-earth-grant-award/
2026-07-21,Terra Viva Grants,British Council — Transnational Education Grants with India,,,,,https://www.terravivagrants.org/transnational-education-grants/
2026-07-21,Terra Viva Grants,Nippon Foundation — Ocean Fellowship,,,,,https://www.terravivagrants.org/nippon-foundation-fellowship/
2026-07-21,Terra Viva Grants,International Development Research Centre — Multilateral Research Call,,africa,,,https://www.terravivagrants.org/multilateral-research-call/
2026-07-22,UNDP notices,Technical Information Technology / AI and Digital Transformation Firm for AI Mas,UNDP,,,,https://procurement-notices.undp.org/view_negotiation.cfm?nego_id=47821
2026-07-23,Terra Viva Grants,World Bank Group — Africa Fellowship Program 2027,,"africa, sub-saharan, sub-saharan",,,https://www.terravivagrants.org/world-bank-group-africa-fellowship-program/
2026-07-23,Terra Viva Grants,Royal Academy of Engineering — Africa Prize for Engineering Innovation,,"africa, african",,,https://www.terravivagrants.org/africa-prize-for-engineering-innovation/
2026-07-23,Terra Viva Grants,Cornell Atkinson Center for Sustainability — Postdoctoral Fellowship,,,,,https://www.terravivagrants.org/cornell-atkinson-center-for-sustainability-postdoctoral-fellowship/
2026-07-23,Terra Viva Grants,Soroptimist — Support to Women Achieve Educational Goals,,,,,https://www.terravivagrants.org/live-your-dream-awards/
2026-07-23,Terra Viva Grants,SDG Academy — Online Course: Natural Resources for Sustainable Development,,,,,https://www.terravivagrants.org/online-course-natural-resources-for-sustainable-development/
2026-07-23,Terra Viva Grants,Google — Startups for Sustainable Development,,,,,https://www.terravivagrants.org/google-startups-for-sustainable-development-program/
2026-07-23,Terra Viva Grants,Tools with a Mission — Tools for Livelihoods in Africa,,"burundi, malawi, rwanda, tanzania",,,https://www.terravivagrants.org/tools-for-livelihoods-in-africa/
2026-07-23,Terra Viva Grants,Asia Foundation — Grants for Environment and Development,,,,,https://www.terravivagrants.org/grants-for-environment-and-development/
2026-07-23,UNDP notices,Low-Value Grants to Civil Society Organizations (CSOs),UNDP,,,,https://procurement-notices.undp.org/view_negotiation.cfm?nego_id=47894
2026-07-23,UNDP notices,PRC0184797 - RECRUTEMENT CABINET - FACILITATION DE FORMATIONS CDLF 2026,UNDP,,,,https://procurement-notices.undp.org/view_negotiation.cfm?nego_id=47903
2026-07-23,UNDP notices,International Consultancy Firm to support the Timbuktoo Foundation operations,UNDP,,,,https://procurement-notices.undp.org/view_negotiation.cfm?nego_id=47853
2026-07-23,UNDP notices,Curriculum Development Partner firm to undertake activities for YAI (Cohort 2),UNDP,,,,https://procurement-notices.undp.org/view_negotiation.cfm?nego_id=47863
